"","x"
"1","RT @elonmusk: Here is the latest SpaceX travel ad for the flight around the moon &amp; into deep space. Maybe needs a few edits ... https://t.câ€¦"
"2","Elon Musk - CEO of Tesla Motors and SpaceX | Entrepreneurship | Khan Aca... https://t.co/tfQTjtKday via @YouTube"
"3","RT @ElonMusk_Newz: SpaceX prepping for two launches from KSC, landing at Cape https://t.co/Uv3K5Icu0F"
"4","RT @SpaceX: Updated SES-10 launch and landing photos â†’ https://t.co/095WHWMtKp https://t.co/cCD2eaOVvP"
"5","Space-X Successfully Lands #Rocket Vertically On Ocean Platform

https://t.co/3tvyaKfEBL

#spacex #falcon9 #elonmusk https://t.co/iQyjGSffYr"
"6","RT @TomHall: Up Close &amp; Personal

with @Boeingâ€™s New

""Skinny"" Spacesuit.

Built for #Space #Tourism!

í ½íº€

#Travel #SpaceX #Travel
https://tâ€¦"
"7","RT @bitinn: SpaceXæœ‰ä¸¤è‰˜ç”¨äºè¿æ¥é™è½ç«ç®­çš„æµ·ä¸Šç§»åŠ¨è¿è¾“èˆ¹ã€‚åå­—åˆ†åˆ«æ˜¯ï¼š
- Just Read the Instructions
- Of Course I Still Love You https://t.co/GQsxHPIns8"
"8","RT @ElonMusk_Newz: SpaceX prepping for two launches from KSC, landing at Cape https://t.co/Uv3K5Icu0F"
"9","@srhstevenson Tell me about it. í ½í¸©. Maybe we should all contacts @SpaceX for a vacation say, to the moon!!

Earths lâ€¦ https://t.co/ESgOM7VTzg"
"10","A handy dandy list of upcoming launches for Space X.
https://t.co/y6A911QZCE"
"11","RT @Trekker2000: @NatGeoChannel @elonmusk @SpaceX @AstronautAbby Excited for the next episode of  #MARS https://t.co/7Ut3WsnyP5"
"12","SpaceX announces date for second Hyperloop pod competition https://t.co/yqyvCGO0qj"
"13","Despega cohete Falcon 9 de SpaceX, despuÃ©s de unos minutos regresa exitosamente https://t.co/krtQ60lDPx"
"14","è€ç¾å°±æ˜¯æœ‰æ„æ€ RT @bitinn: SpaceXæœ‰ä¸¤è‰˜ç”¨äºè¿æ¥é™è½ç«ç®­çš„æµ·ä¸Šç§»åŠ¨è¿è¾“èˆ¹ã€‚åå­—åˆ†åˆ«æ˜¯ï¼š
- Just Read the Instructions
- Of Course I Still Love You https://t.co/hEtq0V9wY0"
"15","RT @bitinn: SpaceXæœ‰ä¸¤è‰˜ç”¨äºè¿æ¥é™è½ç«ç®­çš„æµ·ä¸Šç§»åŠ¨è¿è¾“èˆ¹ã€‚åå­—åˆ†åˆ«æ˜¯ï¼š
- Just Read the Instructions
- Of Course I Still Love You https://t.co/GQsxHPIns8"
"16","RT @ElonMuskNewsOrg Awaiting #Mars visit abroad @SpaceX Rocket?Chill out &amp; wear the TShirt designed by @elonmusk . https://t.co/rskQaN1C8q"
"17","SpaceX Ğ´Ğ¾ÑÑ‚Ğ°Ğ²Ğ¸Ğ»Ğ° Ğ½Ğ° Ğ—ĞµĞ¼Ğ»Ñ Ñ€ĞµĞ·ÑƒĞ»ÑŒÑ‚Ğ°Ñ‚Ñ‹ ÑĞºÑĞ¿ĞµÑ€Ğ¸Ğ¼ĞµĞ½Ñ‚Ğ¾Ğ² Ñ ĞœĞšĞ¡"
"18","@masterr_jedi View that Flickr photostream with style using Flickrock! https://t.co/MLRDtq72e4"
"19","Hay mÃ¡s pendejadas en mi cabeza, que estrellas en el universo observableâ€¦

No lo digo yo, lo dicen la @NASA   Y @SpaceX"
"20","RT @SpaceX: Updated SES-10 launch and landing photos â†’ https://t.co/095WHWMtKp https://t.co/cCD2eaOVvP"
"21","SpaceX Ğ³Ğ¾Ñ‚Ğ¾Ğ²Ğ¸Ñ‚ Ğ¸ÑĞ¿Ñ‹Ñ‚Ğ°Ñ‚ĞµĞ»ÑŒĞ½Ñ‹Ğ¹ Ğ·Ğ°Ğ¿ÑƒÑĞº Falcon Heavy https://t.co/E7jIA9lNGS"
"22","@VijayveerT Get our curated publication about Elon Musk, SpaceX, Tesla, Hyperloop, SolarCity, &amp; OpenAI https://t.co/uhzxzvIELZ"
"23","SpaceX Landing Photo #flatearth #nasa #SpaceX https://t.co/TpGos8LTSr"
"24","SpaceVR, SpaceX to launch VR camera into space, bringing the astronaut e.. Related Articles: https://t.co/X0emPBdzcN"
"25","RT @TomHall: Up Close &amp; Personal

with @Boeingâ€™s New

""Skinny"" Spacesuit.

Built for #Space #Tourism!

í ½íº€

#Travel #SpaceX #Travel
https://tâ€¦"
"26","@RohitMandlik7 Did SpaceX land on Mars yet? We'll tell you when it happens. Subscribe to Elon Musk News https://t.co/uhzxzvIELZ"
"27","How did Elon Musk learn enough about rockets to run SpaceX? by @michaeldsimmons https://t.co/fNCOVWUxVY"
"28","@Charan33V Have you seen our cool Tesla &amp; SpaceX Themed Apparel? https://t.co/pUOWG44uAR"
"29","SpaceX schedules Hyperloop II contest in August, and UWâ€™s team is in the race https://t.co/jO7UOU1uDW"
"30","RT @bitinn: SpaceXæœ‰ä¸¤è‰˜ç”¨äºè¿æ¥é™è½ç«ç®­çš„æµ·ä¸Šç§»åŠ¨è¿è¾“èˆ¹ã€‚åå­—åˆ†åˆ«æ˜¯ï¼š
- Just Read the Instructions
- Of Course I Still Love You https://t.co/GQsxHPIns8"
"31","@UjjalKumarPatra Get our curated publication on Elon Musk, SpaceX, Tesla, Hyperloop, SolarCity, and OpenAI https://t.co/uhzxzvIELZ"
"32","@RamchandraKo Get our curated publication about Elon Musk, SpaceX, Tesla, Hyperloop, SolarCity, &amp; OpenAI https://t.co/uhzxzvIELZ"
"33","SpaceX prepping for two launches from KSC, landing at Cape https://t.co/Uv3K5Icu0F"
"34","RT @BP_Hutch: @Gemstonian @GalileoMoon @TheChadColby @Astro_Clay @NASA @ShuttleAlmanac @SpaceX @universetoday @JuleahKaliski Here's a goodâ€¦"
"35","Who Is SpaceX? https://t.co/xXT53d1kPH #whoispacex #spacex https://t.co/2WRDMjA2oh"
"36","SpaceX ĞºĞ¾Ğ¼Ğ¿Ğ°Ğ½Ğ¸ Ğ¸Ñ€ÑÑ… Ğ¶Ğ¸Ğ» Ñ…Ğ¾Ñ‘Ñ€ Ñ…Ò¯Ğ½Ğ¸Ğ¹Ğ³ Ğ¡Ğ°Ñ€ Ñ€ÑƒÑƒ Ğ°ÑĞ»ÑƒÑƒĞ»Ğ°Ñ…Ğ°Ğ°Ñ€ Ğ±Ğ¾Ğ»Ğ¶ÑÑ https://t.co/vnkJwdhXib"
"37","RT @WorldAndScience: SpaceX SES-10 Landing https://t.co/c2m75a4AGq"
"38","SpaceVR, SpaceX to send VR camera into space, to bring 'astronaut-like' experience https://t.co/e0kHlANZko #VR"
"39","TT @forthelaunch: La Falcon Heavy de @SpaceX est prÃ©vue de voler en 2017 https://t.co/pZGj1Q79tV"
"40","RT @BP_Hutch: @Gemstonian @GalileoMoon @TheChadColby @Astro_Clay @NASA @ShuttleAlmanac @SpaceX @universetoday @JuleahKaliski Here's a goodâ€¦"
"41","RT @Pre_Woman: ç«æ˜Ÿã«ç§»ä½ã—ã¾ã›ã‚“ã‹ã¨ã„ã†å‹Ÿé›†ã«20ä¸‡äººãŒæ®ºåˆ°ã€‚NASAã‚‚æœ¬æ°—ã§ã€ã€Œå¤¢ç‰©èªã€ã§ã¯ãªããªã‚Šã¤ã¤ã‚ã‚‹ã‚ˆã†ã€‚ã‚¤ãƒ¼ãƒ­ãƒ³ãƒ»ãƒã‚¹ã‚¯ã®ã€SpaceXã®è©±ã‚‚â†’ç«æ˜Ÿã«ç§»ä½ã§ãã‚‹ã¾ã§ã€ã‚ã¨33å¹´ï½æ°—ã«ãªã‚‹äºˆç®—ã¯ã€Œãƒãƒ³ã‚·ãƒ§ãƒ³è³¼å…¥ã€ç¨‹åº¦ï¼Ÿ https://t.co/fkfâ€¦"
"42","RT @mashable: This VR camera rig is about to catch a ride into space. https://t.co/rnAA3ecfNC"
"43","RT @mashable: This VR camera rig is about to catch a ride into space. https://t.co/oENJUSw2d1"
"44","SpaceX announces date for second Hyperloop pod competition https://t.co/Aj8bHyllEt"
"45","SpaceVR, SpaceX to launch VR camera into space, bringing the astronaut experience to all https://t.co/yy0igRUbpd https://t.co/CweNX9RWhp"
"46","RT @rikardsteiber: Congrats to SpaceVR winning #VRForImpact grant from and #HTCVIVE + #Viveport - make the world better with #VR! :)  
httpâ€¦"
"47","https://t.co/sp1nDxq9Ay

#anime #sfx #äº”æ˜Ÿæˆ¦éšŠãƒ€ã‚¤ãƒ¬ãƒ³ã‚¸ãƒ£ãƒ¼ [Gizmodo Japan]æ¬¡ã®SpaceXãƒ­ã‚±ãƒƒãƒˆæ‰“ã¡ä¸Šã’ãŒè¦‹é€ƒã›ãªã„ç†ç”±ã€ŒæˆåŠŸã™ã‚Œã°å®‡å®™äº‹æ¥­ã«æ¿€éœ‡ã€ åŠ‡å ´ç‰ˆã€ãƒ‘ãƒ¯ãƒ¼ãƒ¬ãƒ³ã‚¸ãƒ£ãƒ¼ã€ã®äºˆç¿’ã«ï¼ äº”æ˜Ÿæˆ¦éšŠãƒ€ã‚¤ãƒ¬ãƒ³ã‚¸ãƒ£ãƒ¼ã®è²´é‡ãªâ€¦"
"48","RT @WallStCynic: $TSLA is buying back over $200 million worth of Solar Bonds early with interest, mostly from Elon Musk and SpaceX  https:/â€¦"
"49",".@Tesla and @SpaceX CEO @elonmusk: Master Of #TimeManagement, Workaholic - Or Both? https://t.co/Z7QVOzO6h4 viaâ€¦ https://t.co/rdM2EZgXdW"
"50","RT @NasaMuzik: @NasaMuzik 
@NASA 
@AncientAliens 
@SpaceX 
@SpaceXJobs  
@unsealed_files 
@CIA 
@FBI 
@GMA 
@realDonaldTrump 
@POTUS 
@NFLâ€¦"
"51","@elonmusk I hav a amazing idea about a fueling station that can be used for your mars trip if we could dm that would be amazing ! @SpaceX"
"52","#Space https://t.co/rvjUb04GRh SpaceVR, SpaceX to send VR camera into space, to bring 'astronaut-like' experienceâ€¦ https://t.co/kjb9gCFah6"
"53","RT @TomHall: Up Close &amp; Personal

with @Boeingâ€™s New

""Skinny"" Spacesuit.

Built for #Space #Tourism!

í ½íº€

#Travel #SpaceX #Travel
https://tâ€¦"
"54","RT @Step_Holt: ""#SpaceX F9 - #Launch and #landing profile for the launch this evening"" #space #cosmos #nasa #universe https://t.co/epdJFC89â€¦"
"55","RT @Step_Holt: ""#SpaceX F9 - #Launch and #landing profile for the launch this evening"" #space #cosmos #nasa #universe https://t.co/epdJFC89â€¦"
"56","RT @Britanniacomms: SpaceX rocket landing opens 'new door' to space #travel https://t.co/fGwnjIJZxR  #tech #photography #NASA https://t.co/â€¦"
"57","@harrell_jas See that Flickr photos with more elegance using Flickrock! https://t.co/MLRDtq72e4"
"58","Weekly Roundup: Snapchatâ€™s new Specs, BeyoncÃ© is a tech investor and SpaceXâ€™s plans to colonize Mars

This weekâ€¦ https://t.co/aXhj6yBKfV"
"59","#startup Elon Musk Has Announced a New Goal for SpaceX, and Itâ€™s Utterly Revolutionary https://t.co/DsKFsaYKVZâ€¦ https://t.co/uGPp3gJ52i"
"60","RT @rikardsteiber: Congrats to SpaceVR winning #VRForImpact grant from and #HTCVIVE + #Viveport - make the world better with #VR! :)  
httpâ€¦"
"61","RT @SpaceX: Updated SES-10 launch and landing photos â†’ https://t.co/095WHWMtKp https://t.co/cCD2eaOVvP"
"62","SpaceVR, SpaceX to launch VR camera into space, bringing the astronaut experience to all https://t.co/wHYkcb5pt6 https://t.co/A4pr7K9h7b"
"63","â€œSpaceX: Intelligent Dataâ€ by @MitchSaad https://t.co/hseWP2PVrN"
"64","RT @bitinn: SpaceXæœ‰ä¸¤è‰˜ç”¨äºè¿æ¥é™è½ç«ç®­çš„æµ·ä¸Šç§»åŠ¨è¿è¾“èˆ¹ã€‚åå­—åˆ†åˆ«æ˜¯ï¼š
- Just Read the Instructions
- Of Course I Still Love You https://t.co/GQsxHPIns8"
"65","RT @WorldAndScience: Awesome read - Elon Musk: Tesla, SpaceX, and the Quest for a Fantastic Future: https://t.co/91IhYqbYuX #afflink https:â€¦"
"66","@eldhotom123 Did SpaceX land on Mars yet? We'll tell you when it happens. Subscribe to Elon Musk News https://t.co/uhzxzvIELZ"
"67","Congrats to SpaceVR winning #VRForImpact grant from and #HTCVIVE + #Viveport - make the world better with #VR! :)  
https://t.co/9eloILsgw5"
"68","RT @sydzunderthesea: Hot fire check test of SpaceX first stage engines http://t.co/ooparwJmLI"
"69","RT @bitinn: SpaceXæœ‰ä¸¤è‰˜ç”¨äºè¿æ¥é™è½ç«ç®­çš„æµ·ä¸Šç§»åŠ¨è¿è¾“èˆ¹ã€‚åå­—åˆ†åˆ«æ˜¯ï¼š
- Just Read the Instructions
- Of Course I Still Love You https://t.co/GQsxHPIns8"
"70","@ShantharajT Have you seen our cool Tesla &amp; SpaceX Themed Apparel? https://t.co/pUOWG44uAR"
"71","@ain_bc Get our curated publication on Elon Musk, SpaceX, Tesla, Hyperloop, SolarCity, and OpenAI https://t.co/uhzxzvIELZ"
"72","RT @InfoProNetwork: SpaceX to hold second Hyperloop competition in August  https://t.co/0jtLPEJsht #Startups #IAMNetwork"
"73","SpaceX to hold second Hyperloop competition in August  https://t.co/0jtLPEJsht #Startups #IAMNetwork"
"74","#TecnologÃ­a | SpaceX sostendrÃ¡ la segunda carrera de Hyperloop en agosto https://t.co/JqyclmdcX2 https://t.co/WOskMLgk0P"
"75","@SudherVadlamudi Get our curated publication about Elon Musk, SpaceX, Tesla, Hyperloop, SolarCity, &amp; OpenAI https://t.co/uhzxzvIELZ"
"76","SpaceX Hyperloop Pod Competition II Tends to Deliver Advanced Yield https://t.co/SRiAODrp2f"
"77","RT @sydzunderthesea: Happy Birthday SpaceX! 12 never looked so good!"
"78","RT @bitinn: SpaceXæœ‰ä¸¤è‰˜ç”¨äºè¿æ¥é™è½ç«ç®­çš„æµ·ä¸Šç§»åŠ¨è¿è¾“èˆ¹ã€‚åå­—åˆ†åˆ«æ˜¯ï¼š
- Just Read the Instructions
- Of Course I Still Love You https://t.co/GQsxHPIns8"
"79","RT @sydzunderthesea: 5 weird things launching into space on SpaceX's Dragon spacecraft Monday |  http://t.co/GRc0BoM5TF"
"80","Correction: SpaceX Launch story https://t.co/cwYQlpXrsN https://t.co/8kQW8mzeCD"
"81","Elon Musk was born in South Africa in 1971.

He became famous for starting Tesla Motors and SpaceX but he first... https://t.co/sIGskx6hab"
"82","Keeping America Great baby!! Keep it up @spacex @elonmusk #spacex #hawthorne https://t.co/DMDN6KnLvD"
"83","RT @SpaceX: More photos from todayâ€™s Falcon 9 launch and first stage landing â†’ https://t.co/095WHX44BX https://t.co/c3UYhMrDec"
"84","Ù‡Ù…Ú†ÛŒÙ† Ù…ÛŒÚ¯ÛŒÙ† Ø¯Ø³ØªØ§ÙˆØ±â€ŒØ¯Ù‡Ø§Ø´ÙˆÙ† Ø±Ùˆâ€Œâ€Œâ€ŒØ§Ø² Ø¯Ø³Øª Ø¯Ø§Ø¯Ù† Ù…Ù† ÙÚ©Ø± Ù…ÛŒÚ©Ù†Ù… spaceX ØªÙˆâ€Œ ØªØ±Ú©ÛŒÙ‡ Ø§Ø³Øª!í ½í¸‚í ½í¸‚"
"85","RT @SpaceX: Updated SES-10 launch and landing photos â†’ https://t.co/095WHWMtKp https://t.co/cCD2eaOVvP"
"86","RT @astro_DonThomas: The first SpaceX Dragon to the ISS (2012) and the first Orion capsule to fly in space (2014) on display @ExploreSpaceKâ€¦"
"87","SpaceVR, SpaceX to launch VR camera into space, bringing the astronaut experience to all - https://t.co/3qr6WOR6hK"
"88","SpaceX announces date for second Hyperloop pod competition
https://t.co/am6brSy6vr https://t.co/NumUSUUt5C"
"89","RT @spinningVR: SpaceVR, SpaceX to launch VR camera into space, bringing the astronaut experience to all https://t.co/YvJwPUoNPg via @mashaâ€¦"
"90","RT @downloadmoviesz: @SpaceX @elonmusk @Space_Station Super!!! í ½íº€í ½í»°ï¸í ½íº€í ½íº€í ½í»°ï¸í ½íº€"
"91","RT @DNotesEDU: SpaceX to hold second Hyperloop competition in August
https://t.co/E5iN7jXD7y via @VentureBeat
#student #technology #innovatâ€¦"
"92","I liked a @YouTube video https://t.co/9bCjWjCeJ0 SpaceX Falcon 9 landing seen from droneship, 30 March 2017"
"93","RT @mashable: This VR camera rig is about to catch a ride into space. https://t.co/rnAA3ecfNC"
"94","RT @SpaceKSCBlog: The @SpaceX Dragon #COTS2 chillin' in @ExploreSpaceKSC IMAX West. https://t.co/wEXte51m6p"
"95","RT @lifeboathq: SpaceX plans global â€˜space internetâ€™: SpaceX has applied to the FCC to launch 11,943 satellites into low-Earth https://t.coâ€¦"
"96","RT @bitinn: SpaceXæœ‰ä¸¤è‰˜ç”¨äºè¿æ¥é™è½ç«ç®­çš„æµ·ä¸Šç§»åŠ¨è¿è¾“èˆ¹ã€‚åå­—åˆ†åˆ«æ˜¯ï¼š
- Just Read the Instructions
- Of Course I Still Love You https://t.co/GQsxHPIns8"
"97","RT @bitinn: SpaceXæœ‰ä¸¤è‰˜ç”¨äºè¿æ¥é™è½ç«ç®­çš„æµ·ä¸Šç§»åŠ¨è¿è¾“èˆ¹ã€‚åå­—åˆ†åˆ«æ˜¯ï¼š
- Just Read the Instructions
- Of Course I Still Love You https://t.co/GQsxHPIns8"
"98","SpaceX supply run aborts ISS rendezvous https://t.co/2zZmZho0ME"
"99","RT @forthelaunch: Falcon Heavy by @SpaceX planned to launch next year. https://t.co/AmNpmtysIY"
"100","RT @BlueMaestroNews: Amateur Hyperloop designers face off this weekend on SpaceXâ€™s mile-long test track https://t.co/u4xoWTJxvN"
"101","RT @YoshiokaAyano: ç«æ˜Ÿã«ç§»ä½ã—ã¾ã›ã‚“ã‹ã¨ã„ã†å‹Ÿé›†ã«20ä¸‡äººãŒæ®ºåˆ°ã€‚NASAã‚‚æœ¬æ°—ã§ã€ã€Œå¤¢ç‰©èªã€ã§ã¯ãªããªã‚Šã¤ã¤ã‚ã‚‹ã‚ˆã†ã€‚ã‚¤ãƒ¼ãƒ­ãƒ³ãƒ»ãƒã‚¹ã‚¯ã®ã€SpaceXã®è©±ã‚‚â†’ç«æ˜Ÿã«ç§»ä½ã§ãã‚‹ã¾ã§ã€ã‚ã¨33å¹´ï½æ°—ã«ãªã‚‹äºˆç®—ã¯ã€Œãƒãƒ³ã‚·ãƒ§ãƒ³è³¼å…¥ã€ç¨‹åº¦ï¼Ÿ https://t.coâ€¦"
"102","@songfay337 Did SpaceX land on Mars yet? We'll tell you when it happens. Subscribe to Elon Musk News https://t.co/uhzxzvIELZ"
"103","SpaceX announces date for second Hyperloop pod competition
https://t.co/8tHr4b2OCs https://t.co/ZbZBEjmSKX"
"104","SpaceVR, SpaceX to launch VR camera into space, bringing the astronaut experience to all https://t.co/NyLew2wa5l https://t.co/lLnHH8SKq8"
"105","SpaceX rocket films four 'ALIEN' UFOs after launching from Earth â€“ before stream cuts - Da...â€¦ https://t.co/AooVEO3n1Q"
"106","Elon Musk : How the Billionaire CEO of SpaceX and Tesla is sha... is now available at â‚¹379 https://t.co/CRQx6oRzi4 https://t.co/jkcmvxulzz"
"107","@JohnJGambino Have you seen our cool Tesla &amp; SpaceX Themed Apparel? https://t.co/pUOWG44uAR"
"108","RT @TheresaAStory: Crazy - the be circling the planet - people! #scifi #amwriting #nasa #SpaceX https://t.co/Nw2ettTHUR"
"109","@interfacehealth Get our curated publication on Elon Musk, SpaceX, Tesla, Hyperloop, SolarCity, and OpenAI https://t.co/uhzxzvIELZ"
"110","RT @Robwilliams71: Visited Kennedy SC yesterday. So SpaceX are apparently sending two tourists to the moon next year. https://t.co/qLbLLa8tâ€¦"
"111","RT @TIME: SpaceX makes history with launch of first recycled rocket https://t.co/Zwn1AWEOIX"
"112","RT @TheresaAStory: Crazy - the be circling the planet - people! #scifi #amwriting #nasa #SpaceX https://t.co/Nw2ettTHUR"
"113","RT @cybercodetwins: SpaceVR, #SpaceX to launch #VR camera into space, bringing the astronaut experience to all https://t.co/AdM3iTFrTT viaâ€¦"
"114","RT @SpaceKSCBlog: The @SpaceX Dragon #COTS2 chillin' in @ExploreSpaceKSC IMAX West. https://t.co/wEXte51m6p"
"115","#LITechNews: SpaceX is about to make history by relaunching a used Falcon 9 rocket #Video https://t.co/jRYvMcb4PL"
"116","RT @SpaceKSCBlog: The @SpaceX Dragon #COTS2 chillin' in @ExploreSpaceKSC IMAX West. https://t.co/wEXte51m6p"
"117","SpaceVR, SpaceX to launch VR camera into space, bringing the astronaut experience to all. https://t.co/Le3LKyXXvi"
"118","#LITechNews: SpaceX Returns to Flight #Video https://t.co/nOhTCtX4OP"
"119","@altonbrown the @apple displays looked better. I do like the @SpaceX sticker."
"120","SpaceVR, SpaceX to launch VR camera into space, bringing the astronaut experience to all https://t.co/HwCcCaFdEd https://t.co/Yn5P968XUW"
"121","SpaceX announces details for the second Hyperloop Pod Competition Weekend, taking ... via @launchticker https://t.co/XwLx3hyPIj"
"122","SpaceX announces date for second Hyperloop pod competition https://t.co/voGnIbTakp https://t.co/fghtUtmcjF"
"123","Legendary flight director praises SpaceX for â€œtaking risksâ€ https://t.co/bCjzLYc6PO"
"124","Is Deep Space Network (DSN) technology sufficient for a crewed Mars mission? https://t.co/8CENaMBqef #spacex"
"125","The latest The SpaceX Daily! https://t.co/IpUHfGCZW0 #oa7"
"126","RT @aaronraimist: SpaceVR, SpaceX to launch VR camera into space in August https://t.co/TL0b1NlxUl https://t.co/F0AHsLByfl"
"127","https://t.co/k5Tjj1bnQy Close-up photoset: Falcon 9 core 1023 at Hawthorne, September 2016. #future #tech #science"
"128","RT @TheresaAStory: Crazy - the be circling the planet - people! #scifi #amwriting #nasa #SpaceX https://t.co/Nw2ettTHUR"
"129","RT @TheresaAStory: Crazy - the be circling the planet - people! #scifi #amwriting #nasa #SpaceX https://t.co/Nw2ettTHUR"
"130","Crazy - the be circling the planet - people! #scifi #amwriting #nasa #SpaceX https://t.co/Nw2ettTHUR"
"131","Me gustÃ³ un video de @YouTube https://t.co/tIAasLESrs How SpaceX lands rockets... Why they don't use parachutes!"
"132","RT @bitinn: SpaceXæœ‰ä¸¤è‰˜ç”¨äºè¿æ¥é™è½ç«ç®­çš„æµ·ä¸Šç§»åŠ¨è¿è¾“èˆ¹ã€‚åå­—åˆ†åˆ«æ˜¯ï¼š
- Just Read the Instructions
- Of Course I Still Love You https://t.co/GQsxHPIns8"
"133","School of Mines team advances in SpaceX Hyperloop pod competition https://t.co/WWSGMKkGtV via @denverpost"
"134","RT @ElonMuskNewsOrg: Get our curated publication about Elon Musk, SpaceX, Tesla, Hyperloop, SolarCity, &amp; OpenAI. https://t.co/uhzxzvIELZ htâ€¦"
"135","SpaceX announces date for second Hyperloop pod competition https://t.co/tgHItQmeIe https://t.co/IKBsuQePVf"
"136","SpaceXç¤¾ã®ãƒ­ã‚±ãƒƒãƒˆæ‰“ã¡ä¸Šã’
â‡’https://t.co/aVB7ROKgiJ https://t.co/fgaQ4iWJBl"
"137","Ø¨ÙˆØ¶Ø¹ Ø®Ù„ÙÙŠ Ù…Ø«ÙŠØ± Ù†ÙŠÙƒ Ø¹Ù„ÙŠ Ø§Ù„Ø³Ø±ÙŠØ± Ø¨Ù‡Ø¯ÙˆØ¡ ÙˆÙ…ØªØ¹Ø©  4ri
#SpaceX  (475)https://t.co/TjLFzUiTac"
"138","RT @wolfejosh: Skeptics í ½í¸’
True believers í ½í¸›...Got fleeced
New equity wasnt for ""growth"" but to bail out Elon + SpaceX personal holding of Soâ€¦"
"139","RT @FoundersGyan: SpaceX to hold second Hyperloop competition in August https://t.co/FfVuT3axXB https://t.co/lGZJ3d23Z7"
"140","RT @wolfejosh: Skeptics í ½í¸’
True believers í ½í¸›...Got fleeced
New equity wasnt for ""growth"" but to bail out Elon + SpaceX personal holding of Soâ€¦"
"141","RT @mx1global: .@SpaceX lands its Falcon 9 rocket on a mid-Atlantic droneship after launching the SES-10 satellite [video] https://t.co/ZA1â€¦"
"142","Hey @elonmusk! I want to run Tesla &amp; SpaceX one day and take it forward. Is it possible?"
"143","SpaceVR, SpaceX to launch VR camera into space, bringing the astronaut experience to all https://t.co/pSIua0b0GB"
"144","Here is the latest SpaceX travel ad for the flight around the moon &amp; into deep space... https://t.co/9eJwgiBbrX by #Atasi via @c0nvey"
"145","RT @davino1959: Purge the Verge #FakeSpace #FakeSpaceAgencies #NASA #VERGE #SpaceX #FlatEarth https://t.co/uSLI0O5fSb"
"146","RT @ajitjohnson_n: SpaceX í ½íº€edited three video feeds together to make an incredible supercut of the booster landing, and it's best to watchâ€¦"
"147","RT @TheChadColby: Taken from an F-16 chase plane, thank you to so many who chased dreams!  @Astro_Clay #SpaceShuttle @NASA @ShuttleAlmanacâ€¦"
"148","@AlistarDebbarm1 Get our curated publication about Elon Musk, SpaceX, Tesla, Hyperloop, SolarCity, &amp; OpenAI https://t.co/uhzxzvIELZ"
"149","A four series of some of Musk's brilliant mind. 
(3)
https://t.co/fxEJqHBDvm"
"150","@redgaskell Sunday evening activities in 2018 https://t.co/zEt2fSlZJD"
"151","Again huge congratulations &amp; well deserved @RyanTHolmes @SpaceVR team #RockOn #TimeFlies #VR @SpaceX https://t.co/FnP5ubqytf"
"152","@DarStatus Did SpaceX land on Mars yet? We'll tell you when it happens. Subscribe to Elon Musk News https://t.co/uhzxzvIELZ"
"153","SES ComSat Boss Proclaims High â€˜Confidenceâ€™ in SpaceXâ€™s Bold 1st â€˜Flight-Provenâ€™ Rocket Launch - Marchâ€¦ https://t.co/mkdStTpFE5"
"154","RT @ElonMuskNewsOrg: Excited to visit Mars aboard SpaceX's Big F***ing Rocket one day? So are we. Until then, we made this shirt: https://tâ€¦"
"155","RT @VentureBeat: SpaceX to hold second Hyperloop competition in August https://t.co/29uXHR4qn3"
"156","Elon Musk heralds â€˜huge revolution in space travelâ€™ after historic SpaceXÂ mission https://t.co/pUT0vy2wAu"
"157","Best Sellers in Technology &amp; Engineering
#5: Elon Musk: How the Billionaire CEO of Sp... by Ashlee Vanceâ€¦ https://t.co/jSzkG7GxTn"
"158","Watch a drone's eye view of SpaceX rocket Falcon 9 making the perfect landing https://t.co/CVcPGtszOz https://t.co/TQKUA5DSnT"
"159","SpaceX makes history flying used rocket
https://t.co/vunjybipHY https://t.co/mPda0hDNUD"
"160","RT @elonmusk: Here is the latest SpaceX travel ad for the flight around the moon &amp; into deep space. Maybe needs a few edits ... https://t.câ€¦"
"161","#Space https://t.co/rvjUb04GRh SpaceX Has Released Incredible New Footage of Its Historic Rocket Landing - Sciencâ€¦ https://t.co/fm2u02ThcS"
"162","RT @mashable: This VR camera rig is about to catch a ride into space. https://t.co/rnAA3ecfNC"
"163","SpaceX announces date for second Hyperloop pod competition https://t.co/iTSNQvJ2b5 #te #tech #hyperloop #elonmusk https://t.co/FeHchVMvzO"
"164","RT @ComSpaceNews: SpaceX is Already Planning the Hyperloop Pod Competition II - Based on the high-quality submissions and overwhe... https:â€¦"
"165","RT @ComSpaceNews: Why CEOs Need to Embrace Social Media (and How to Do it) - While Tesla and SpaceX exude futurism, prestige, and... https:â€¦"
"166","https://t.co/XJZKMO2Htd"
"167","RT @deanwithey: Elon Musk knew nothing about rockets when he started SpaceX. Think about that when you delay your dream (again)."
"168","RT @alex9691fsdn: SpaceX Ğ´Ğ¾ÑÑ‚Ğ°Ğ²Ğ¸Ğ»Ğ° Ğ½Ğ° Ğ—ĞµĞ¼Ğ»Ñ Ñ€ĞµĞ·ÑƒĞ»ÑŒÑ‚Ğ°Ñ‚Ñ‹ ÑĞºÑĞ¿ĞµÑ€Ğ¸Ğ¼ĞµĞ½Ñ‚Ğ¾Ğ² Ñ ĞœĞšĞ¡"
"169","SpaceX Makes History By Landing Reusable Rocket Again@offshore stockbroker https://t.co/NpF3yS5bz0"
"170","RT @SpaceX: Updated SES-10 launch and landing photos â†’ https://t.co/095WHWMtKp https://t.co/cCD2eaOVvP"
"171","RT @cybercodetwins: SpaceVR, #SpaceX to launch #VR camera into space, bringing the astronaut experience to all https://t.co/AdM3iTFrTT viaâ€¦"
"172","SpaceVR, #SpaceX to launch #VR camera into space, bringing the astronaut experience to all https://t.co/AdM3iTFrTT via @mashable"
"173","RT @glxp: An awesome goal from #SpaceX: https://t.co/7ujtb94riZ @SPACEdotcom @MichaelDWall"
"174","RT @SpaceX: Updated SES-10 launch and landing photos â†’ https://t.co/095WHWMtKp https://t.co/cCD2eaOVvP"
"175","Amateur Hyperloop designers face off this weekend on SpaceXâ€™s mile-long test track https://t.co/u4xoWTJxvN"
"176","RT @bitinn: SpaceXæœ‰ä¸¤è‰˜ç”¨äºè¿æ¥é™è½ç«ç®­çš„æµ·ä¸Šç§»åŠ¨è¿è¾“èˆ¹ã€‚åå­—åˆ†åˆ«æ˜¯ï¼š
- Just Read the Instructions
- Of Course I Still Love You https://t.co/GQsxHPIns8"
"177","#SpaceVR, SpaceX to launch #VR camera into space, bringing the astronaut experience to all https://t.co/U8ggidU78d"
"178","I think #spaceX manufactured that #NK missile"
"179","RT @RepMHudson: Leading the way then and Now! @NASA @SpaceX @SpaceFlorida #USA #Florida https://t.co/G6KgPOXKk7"
"180","RT @hjsoch: SpaceVR, SpaceX to launch VR camera into space, bringing the astronaut experience to all https://t.co/dpss7Z4UL9 #VirtualRealitâ€¦"
"181","SpaceX to launch VR camera into space, bringing the astronaut experience to all https://t.co/z9wNvCfoBE viaâ€¦ https://t.co/xeD1Qf17YE"
"182","SpaceVR, SpaceX to launch VR camera into space, bringing the astronaut experience to all https://t.co/dpss7Z4UL9 #VirtualReality #SpaceX"
"183","#TecnologÃ­a | SpaceX sostendrÃ¡ la segunda carrera de Hyperloop en agosto https://t.co/JqyclmdcX2 https://t.co/mYmU5bTagk"
"184","@Cvamsikrishna12 Have you seen our cool Tesla &amp; SpaceX Themed Apparel? https://t.co/pUOWG44uAR"
"185","RT @bitinn: SpaceXæœ‰ä¸¤è‰˜ç”¨äºè¿æ¥é™è½ç«ç®­çš„æµ·ä¸Šç§»åŠ¨è¿è¾“èˆ¹ã€‚åå­—åˆ†åˆ«æ˜¯ï¼š
- Just Read the Instructions
- Of Course I Still Love You https://t.co/GQsxHPIns8"
"186","@VijayKu75236971 Get our curated publication on Elon Musk, SpaceX, Tesla, Hyperloop, SolarCity, and OpenAI https://t.co/uhzxzvIELZ"
"187","https://t.co/brMkS3kA9K #Spacex"
"188","https://t.co/oq71BgGFiy #Spacex"
"189","@DhruvikaPatel9 Get our curated publication about Elon Musk, SpaceX, Tesla, Hyperloop, SolarCity, &amp; OpenAI https://t.co/uhzxzvIELZ"
"190","@elonmusk it seems you have some creative fans in @SouthPadreTexas #SouthPadreIsland 
@SpaceX 
#SandRocket https://t.co/OjaJrgbA4R"
"191","RT @aaronraimist: SpaceVR, SpaceX to launch VR camera into space in August https://t.co/TL0b1NlxUl https://t.co/F0AHsLByfl"
"192","RT @PopSci: Chinaâ€™s private space industry prepares to compete with Spacex and Blue Origin: https://t.co/ufUxD9pPXV https://t.co/DebvlEWOpB"
"193","RT @aaronraimist: SpaceVR, SpaceX to launch VR camera into space in August https://t.co/TL0b1NlxUl https://t.co/F0AHsLByfl"
"194","RT @mohammadshaikh_: ""Chris Wallace"" In Favor Of CNN
""Jimmie Johnson""Racer
#NASCAR Clash
#SpaceX Lanched Successfull
#HDIA Hocky Day 
SuÃ¨deâ€¦"
"195","RT @wolfejosh: Skeptics í ½í¸’
True believers í ½í¸›...Got fleeced
New equity wasnt for ""growth"" but to bail out Elon + SpaceX personal holding of Soâ€¦"
"196","RT @deanwithey: Elon Musk knew nothing about rockets when he started SpaceX. Think about that when you delay your dream (again)."
"197","NASA: No one can go to Mars before the 2030's!

SpaceX: Hold my beer."
"198","RT @JoachimDeVos: #24h #reuse - #nonstoprockets @elonmusk Has Announced a New Goal for @SpaceX , and Itâ€™s Utterly #Revolutionary https://t.â€¦"
"199","RT @ElonMuskNewsOrg: Excited to visit Mars aboard SpaceX's Big F***ing Rocket one day? So are we. Until then, we made this shirt: https://tâ€¦"
"200","RT @aaronraimist: SpaceVR, SpaceX to launch VR camera into space in August https://t.co/TL0b1NlxUl https://t.co/F0AHsLByfl"
"201","@altonbrown Also, LOVING the Falcon 9 sticker! #SpaceX"
"202","RT @aaronraimist: SpaceVR, SpaceX to launch VR camera into space in August https://t.co/TL0b1NlxUl https://t.co/F0AHsLByfl"
"203","RT @ElonMuskNewsOrg: SpaceVR, SpaceX to launch VR camera into space, bringing the astronaut experience to all https://t.co/enbGyXe7Ok"
"204","@Sally__bell View that Flickr gallery with Flickrock! https://t.co/MLRDtq72e4"
"205","@patterson_lili View that Flickr gallery using Flickrock! https://t.co/MLRDtq72e4"
"206","RT @SpaceX: Updated SES-10 launch and landing photos â†’ https://t.co/095WHWMtKp https://t.co/cCD2eaOVvP"
"207","RT @SpaceX: Updated SES-10 launch and landing photos â†’ https://t.co/095WHWMtKp https://t.co/cCD2eaOVvP"
"208","RT @ElonMuskNewsOrg: SpaceVR, SpaceX to launch VR camera into space, bringing the astronaut experience to all https://t.co/enbGyXe7Ok"
"209","RT @davino1959: Purge the Verge #FakeSpace #FakeSpaceAgencies #NASA #VERGE #SpaceX #FlatEarth https://t.co/uSLI0O5fSb"
"210","RT @asandj_alim: Ğ˜ Ğ¿ĞµÑ€Ğ²Ğ°Ñ ÑÑ‚ÑƒĞ¿ĞµĞ½ÑŒ Ğ Ğ #falcon9 #SpaceX Ğ˜Ğ»Ğ¾Ğ½Ğ° ĞœĞ°ÑĞºĞ° Ğ¿Ñ€Ğ¸Ğ·ĞµĞ¼Ğ»ÑĞµÑ‚ÑÑ Ğ½Ğ° Ñ‚Ğ°ĞºÑƒÑ Ğ¿Ğ»Ğ°Ñ‚Ñ„Ğ¾Ñ€Ğ¼Ñƒ Ğ¸ Ğ½Ğµ Ñ€Ğ°Ğ·Ğ±Ñ€Ğ°ÑÑ‹Ğ²Ğ°ĞµÑ‚ Ğ¼ÑƒÑĞ¾Ñ€ Ğ¸ Ğ³ĞµĞ¿Ñ‚Ğ¸Ğ» Ğ¾Ñ‚ #Ò›Ğ°Ğ·Ğ°â€¦"
"211","@wildbillhkhk @GodKingNobody @shotgunsusie @malo_j @dwolfman54 @facebones777 @NothingSirius @dan__315 @JimJerroldsâ€¦ https://t.co/b8VjESlkJf"
"212","RT @bitinn: SpaceXæœ‰ä¸¤è‰˜ç”¨äºè¿æ¥é™è½ç«ç®­çš„æµ·ä¸Šç§»åŠ¨è¿è¾“èˆ¹ã€‚åå­—åˆ†åˆ«æ˜¯ï¼š
- Just Read the Instructions
- Of Course I Still Love You https://t.co/GQsxHPIns8"
"213","""I wish I had thought of this."" - Elon Musk #spacex #stopdrymarkeritis https://t.co/Y6p5b9pI4M"
"214","RT @Step_Holt: ""With darkness, #Earths horizon and thin line of atmosphere forming a backdrop, the #SpaceX #Dragon commercial..."" #cosmos #â€¦"
"215","RT @bitinn: SpaceXæœ‰ä¸¤è‰˜ç”¨äºè¿æ¥é™è½ç«ç®­çš„æµ·ä¸Šç§»åŠ¨è¿è¾“èˆ¹ã€‚åå­—åˆ†åˆ«æ˜¯ï¼š
- Just Read the Instructions
- Of Course I Still Love You https://t.co/GQsxHPIns8"
"216","Success for SpaceX 're-usable rocket' - BBC News
https://t.co/muWPiYJlAy https://t.co/mI5IehCfLM"
"217","@izzynobre O Elon Musk vai perder uma grana com a SpaceX"
"218","@lyochim It's a SpaceX rocket. They are reusable. ;)"
"219","SpaceX Attempting Launch of 1st Orbit Class Recycled Rocket March 30 - Watch Live - Universe Today https://t.co/GRTQ5MNGha"
"220","RT @UCI_HyperXite: We are very excited to start the countdown for SpaceX Competition Weekend II! Competition date: 25-27 August 2017! httpsâ€¦"
"221","I could watch this @SpaceX landing compilation from @verge all day. https://t.co/IL4r6krf9A"
"222","RT @bitinn: SpaceXæœ‰ä¸¤è‰˜ç”¨äºè¿æ¥é™è½ç«ç®­çš„æµ·ä¸Šç§»åŠ¨è¿è¾“èˆ¹ã€‚åå­—åˆ†åˆ«æ˜¯ï¼š
- Just Read the Instructions
- Of Course I Still Love You https://t.co/GQsxHPIns8"
"223","This Video Shows Every Single SpaceX Falcon 9 Landing Attempt Thus Far - https://t.co/33CLAR5cWE"
"224","SpaceXâ€™s Dragon supply ship failed to rendezvous with ISS, will try again Thursday https://t.co/7BO8bf8cvS"
"225","SpaceX is taking SpaceVR's cameras into orbit to deliver the astronaut experience to everyone https://t.co/2jwmdiDSiM @DigitalReview_"
"226","SpaceX is taking SpaceVR's cameras into orbit to deliver the astronaut experience to everyone https://t.co/iyXrdXfjOU @DigitalReview_"
"227","RT @SpaceKSCBlog: The @SpaceX Dragon #COTS2 chillin' in @ExploreSpaceKSC IMAX West. https://t.co/wEXte51m6p"
"228","I added a video to a @YouTube playlist https://t.co/ow7NbuWU0g Elon Musk and his SpaceX team, witness the historic landing of a Falcon"
"229","Ğ˜ Ğ¿ĞµÑ€Ğ²Ğ°Ñ ÑÑ‚ÑƒĞ¿ĞµĞ½ÑŒ Ğ Ğ #falcon9 #SpaceX Ğ˜Ğ»Ğ¾Ğ½Ğ° ĞœĞ°ÑĞºĞ° Ğ¿Ñ€Ğ¸Ğ·ĞµĞ¼Ğ»ÑĞµÑ‚ÑÑ Ğ½Ğ° Ñ‚Ğ°ĞºÑƒÑ Ğ¿Ğ»Ğ°Ñ‚Ñ„Ğ¾Ñ€Ğ¼Ñƒ Ğ¸ Ğ½Ğµ Ñ€Ğ°Ğ·Ğ±Ñ€Ğ°ÑÑ‹Ğ²Ğ°ĞµÑ‚ Ğ¼ÑƒÑĞ¾Ñ€ Ğ¸ Ğ³ĞµĞ¿Ñ‚Ğ¸Ğ» Ğ¾â€¦ https://t.co/RUpsFNExl0"
"230","#EvetZaferMilletindir siz bu hizda butun dunyayi fetedersiniz yuruyun be kim tutar sizi í ½í¸ https://t.co/Ve1pk2w9a0"
"231","RT @ElonMuskNewsOrg: Excited to visit Mars aboard SpaceX's Big F***ing Rocket one day? So are we. Until then, we made this shirt: https://tâ€¦"
"232","RT @ElonMuskNewsOrg: Excited to visit Mars aboard SpaceX's Big F***ing Rocket one day? So are we. Until then, we made this shirt: https://tâ€¦"
"233","Elon Musk à¸šà¸¸à¸„à¸„à¸¥à¹à¸«à¹ˆà¸‡à¸¨à¸•à¸§à¸£à¸£à¸©

à¹€à¸¡à¸·à¹ˆà¸­à¸§à¸²à¸™à¸™à¸µà¹‰ SpaceX à¸‚à¸­à¸‡ Elon Musk... https://t.co/UdUodhbSfX"
"234","RT @SpaceX: Recovery teams en route to Dragon. https://t.co/5aiGcX0vS2"
"235","RT @SpaceX: Static fire test complete. Targeting Thursday, March 30 for Falcon 9 launch of SES-10. https://t.co/0tZ7u6gngI"
"236","RT @SpaceX: T-60 seconds until launch  â†’ https://t.co/gtC39uBC7z https://t.co/jv3372rCUf"
"237","RT @SpaceX: Successful deployment of SES-10 to geostationary transfer orbit confirmed. https://t.co/FkVoUYSsmq"
"238","RT @SpaceX: More photos from todayâ€™s Falcon 9 launch and first stage landing â†’ https://t.co/095WHX44BX https://t.co/c3UYhMrDec"
"239","RT @SpaceX: Updated SES-10 launch and landing photos â†’ https://t.co/095WHWMtKp https://t.co/cCD2eaOVvP"
"240","@Oliv_Thompson Take a gander at that Flickr photos with more elegance using Flickrock! https://t.co/MLRDtq72e4"
"241","Elon Musk knew nothing about rockets when he started SpaceX. Think about that when you delay your dream (again)."
"242","RT @ElonMuskNewsOrg: Excited to visit Mars aboard SpaceX's Big F***ing Rocket one day? So are we. Until then, we made this shirt: https://tâ€¦"
"243","RT @HectoScience: #Space https://t.co/rvjUb04GRh SpaceX Has Released Incredible New Footage of Its Historic Rocket Landing - Sciencâ€¦ https:â€¦"
"244","RT @SpaceX: Updated SES-10 launch and landing photos â†’ https://t.co/095WHWMtKp https://t.co/cCD2eaOVvP"
"245","RT @HectoScience: #Space https://t.co/rvjUb04GRh SpaceX Has Released Incredible New Footage of Its Historic Rocket Landing - Sciencâ€¦ https:â€¦"
"246","#Space https://t.co/rvjUb04GRh SpaceX Has Released Incredible New Footage of Its Historic Rocket Landing - Sciencâ€¦ https://t.co/HmueSU0gp9"
"247","RT @mashabletech: This VR camera rig is about to catch a ride into space. https://t.co/OvkXIDaVIX"
"248","RT @ElonMuskNewsOrg: SpaceVR, SpaceX to launch VR camera into space, bringing the astronaut experience to all https://t.co/enbGyXe7Ok"
"249","How SpaceX Became Shops"
"250","SpaceVR, SpaceX to launch VR camera into space, bringing the astronaut experience to all https://t.co/hrvzcgGzGQ"
"251","RT @bitinn: SpaceXæœ‰ä¸¤è‰˜ç”¨äºè¿æ¥é™è½ç«ç®­çš„æµ·ä¸Šç§»åŠ¨è¿è¾“èˆ¹ã€‚åå­—åˆ†åˆ«æ˜¯ï¼š
- Just Read the Instructions
- Of Course I Still Love You https://t.co/GQsxHPIns8"
"252","RT @ElonMuskNewsOrg: Excited to visit Mars aboard SpaceX's Big F***ing Rocket one day? So are we. Until then, we made this shirt: https://tâ€¦"
"253","RT @ElonMuskNewsOrg: Excited to visit Mars aboard SpaceX's Big F***ing Rocket one day? So are we. Until then, we made this shirt: https://tâ€¦"
"254","Going #smallsat, the case for a #ADF satellite capability @glrowlands1 @RocketLabUSA @SpaceX @blueorigin @OrbitalATK https://t.co/2BZkqomkMn"
"255","RT @ElonMuskNewsOrg: Excited to visit Mars aboard SpaceX's Big F***ing Rocket one day? So are we. Until then, we made this shirt: https://tâ€¦"
"256","RT @hyper_pod: SpaceX announces date for second Hyperloop pod competition https://t.co/tMx29vtOmq https://t.co/f2Nk4oUxqi"
"257","@BP_Hutch @Gemstonian @GalileoMoon @TheChadColby @Astro_Clay @NASA @ShuttleAlmanac @SpaceX @universetodayâ€¦ https://t.co/b6WhKYwEE6"
"258","RT @Pre_Woman: ç«æ˜Ÿã«ç§»ä½ã—ã¾ã›ã‚“ã‹ã¨ã„ã†å‹Ÿé›†ã«20ä¸‡äººãŒæ®ºåˆ°ã€‚NASAã‚‚æœ¬æ°—ã§ã€ã€Œå¤¢ç‰©èªã€ã§ã¯ãªããªã‚Šã¤ã¤ã‚ã‚‹ã‚ˆã†ã€‚ã‚¤ãƒ¼ãƒ­ãƒ³ãƒ»ãƒã‚¹ã‚¯ã®ã€SpaceXã®è©±ã‚‚â†’ç«æ˜Ÿã«ç§»ä½ã§ãã‚‹ã¾ã§ã€ã‚ã¨33å¹´ï½æ°—ã«ãªã‚‹äºˆç®—ã¯ã€Œãƒãƒ³ã‚·ãƒ§ãƒ³è³¼å…¥ã€ç¨‹åº¦ï¼Ÿ https://t.co/fkfâ€¦"
"259","Why CEOs Need to Embrace Social Media (and How to Do it) - While Tesla and SpaceX exude futurism, prestige, and... https://t.co/5L8F4U69pZ"
"260","SpaceX is Already Planning the Hyperloop Pod Competition II - Based on the high-quality submissions and overwhe... https://t.co/4ha9H8ukGs"
"261","#SpaceVR, #SpaceX to launch #VR camera into space, bringing the astronaut experience to all - https://t.co/8ovBoiB4qH #GoogleAlerts"
"262","RT @ElonMuskNewsOrg: Excited to visit Mars aboard SpaceX's Big F***ing Rocket one day? So are we. Until then, we made this shirt: https://tâ€¦"
"263","SpaceVR, SpaceX to launch VR camera into space, bringing the astronaut experience to all https://t.co/SarG6ZBJZ6 https://t.co/uVKJXEMavW"
"264","Excited to visit Mars aboard SpaceX's Big F***ing Rocket one day? So are we. Until then, we made this shirt:â€¦ https://t.co/bmYTwYRhB4"
"265","Belt up - we are going to space! https://t.co/y3VU383OQ1 #VR #Virtualreality #spacetravel #lifeofastronaunt"
"266","RT @TomHall: Up Close &amp; Personal

with @Boeingâ€™s New

""Skinny"" Spacesuit.

Built for #Space #Tourism!

í ½íº€

#Travel #SpaceX #Travel
https://tâ€¦"
"267","RT @astronomymedia: SpaceX has announced that it will fly two paying citizens around the Moon in late-2018 in a Dragon spacecraft.

https:/â€¦"
"268","RT @bitinn: SpaceXæœ‰ä¸¤è‰˜ç”¨äºè¿æ¥é™è½ç«ç®­çš„æµ·ä¸Šç§»åŠ¨è¿è¾“èˆ¹ã€‚åå­—åˆ†åˆ«æ˜¯ï¼š
- Just Read the Instructions
- Of Course I Still Love You https://t.co/GQsxHPIns8"
"269","RT @TheRealBuzz: Hey @elonmusk - I hope you don't mind but the @AFThunderbirds and I buzzed your @SpaceX launchpad yesterday. Pad 39-A! httâ€¦"
"270","RT @TheRealBuzz: Hey @elonmusk - I hope you don't mind but the @AFThunderbirds and I buzzed your @SpaceX launchpad yesterday. Pad 39-A! httâ€¦"
"271","RT @deanwithey: Elon Musk knew nothing about rockets when he started SpaceX. Think about that when you delay your dream (again)."
"272","@Olivia_Simps Would you like to look that Flickr photos with style using Flickrock? https://t.co/MLRDtq72e4"
"273","RT @SpaceX: More photos from todayâ€™s Falcon 9 launch and first stage landing â†’ https://t.co/095WHX44BX https://t.co/c3UYhMrDec"
"274","Pertama dalam sejarah: SpaceX berhasil meluncurkan dan mendaratkan kembali roket daur ulang mereka! https://t.co/ShJi8qYNCm"
"275","RT @Inc: Elon Musk Runs Tesla and SpaceX on 6 Hours of Sleep https://t.co/qq9m46Zg8k"
"276","Artwork for our new EP, Thin Walls #trippy #SpaceX #RockHall2017 #Stonehenge #beyond https://t.co/wMhw4LlRq8"
"277","#LITechNews: SpaceX explains why its rocket exploded in Sept. #Facebook #Video https://t.co/NGPO2jZTbl"
"278","@SpaceKSCBlog @SpaceX @ExploreSpaceKSC @SpaceX must have a dedicated team to trucking the COTS2+ capsule around to different locations..."
"279","'I Hope They Take a Camera': Astronaut Jim Lovell Talks SpaceX Moon Mission
https://t.co/vslx2oDZ01 https://t.co/KDvdifYcAh"
"280","Now everyone who's always wanted to be an astronaut or just experience outer space can! @spacex https://t.co/XLoD14yy6H"
"281","RT @ElonMuskNewsOrg: SpaceVR, SpaceX to launch VR camera into space, bringing the astronaut experience to all https://t.co/enbGyXe7Ok"
"282","RT @ElonMuskNewsOrg: SpaceX prepping for two launches from KSC, landing at Cape https://t.co/CgpiPWSccq"
"283","LÃ­bÃ­ se mi video @YouTube https://t.co/17Nx4oNPMi The Interplanetary Transport System: SpaceX's Plan to Build a Bridge to Mars"
"284","ç«æ˜Ÿã«ç§»ä½ã—ã¾ã›ã‚“ã‹ã¨ã„ã†å‹Ÿé›†ã«20ä¸‡äººãŒæ®ºåˆ°ã€‚NASAã‚‚æœ¬æ°—ã§ã€ã€Œå¤¢ç‰©èªã€ã§ã¯ãªããªã‚Šã¤ã¤ã‚ã‚‹ã‚ˆã†ã€‚ã‚¤ãƒ¼ãƒ­ãƒ³ãƒ»ãƒã‚¹ã‚¯ã®ã€SpaceXã®è©±ã‚‚â†’ç«æ˜Ÿã«ç§»ä½ã§ãã‚‹ã¾ã§ã€ã‚ã¨33å¹´ï½æ°—ã«ãªã‚‹äºˆç®—ã¯ã€Œãƒãƒ³ã‚·ãƒ§ãƒ³è³¼å…¥ã€ç¨‹åº¦ï¼Ÿâ€¦ https://t.co/7rsHMQZidy"
"285","ç«æ˜Ÿã«ç§»ä½ã—ã¾ã›ã‚“ã‹ã¨ã„ã†å‹Ÿé›†ã«20ä¸‡äººãŒæ®ºåˆ°ã€‚NASAã‚‚æœ¬æ°—ã§ã€ã€Œå¤¢ç‰©èªã€ã§ã¯ãªããªã‚Šã¤ã¤ã‚ã‚‹ã‚ˆã†ã€‚ã‚¤ãƒ¼ãƒ­ãƒ³ãƒ»ãƒã‚¹ã‚¯ã®ã€SpaceXã®è©±ã‚‚â†’ç«æ˜Ÿã«ç§»ä½ã§ãã‚‹ã¾ã§ã€ã‚ã¨33å¹´ï½æ°—ã«ãªã‚‹äºˆç®—ã¯ã€Œãƒãƒ³ã‚·ãƒ§ãƒ³è³¼å…¥ã€ç¨‹åº¦ï¼Ÿâ€¦ https://t.co/5RpLNnVqep"
"286","You can soon feel and experience the life of an astronaut https://t.co/53iLCKmZ8N"
"287","We are very excited to start the countdown for SpaceX Competition Weekend II! Competition date: 25-27 August 2017! https://t.co/Pl9zH0bDvy"
"288","RT @BP_Hutch: @Gemstonian @GalileoMoon @TheChadColby @Astro_Clay @NASA @ShuttleAlmanac @SpaceX @universetoday @JuleahKaliski Here's a goodâ€¦"
"289","Gostei de um vÃ­deo @YouTube https://t.co/AJvWG0OJJY VIVO: Primeiro lanÃ§amento de um foguete 'usado' da SpaceX"
"290","@sophiestuart961 Have a look at that Flickr photos on their own gallery using Flickrock! https://t.co/MLRDtq72e4"
"291","Trending Worldwide SpaceX to Grow Super Potatoes on Mars: 5 Things You Didnâ€™t Know https://t.co/32sFmdJwBC"
"292","SpaceVR, SpaceX to launch VR camera into space, bringing the astronaut experience to all https://t.co/GndJM0fdVw"
"293","RT @SalihSarikaya: SpaceX is taking SpaceVRâ€™s cameras into orbit to deliver the astronaut experience to everyone through VR https://t.co/6yâ€¦"
"294","RT @wolfejosh: Skeptics í ½í¸’
True believers í ½í¸›...Got fleeced
New equity wasnt for ""growth"" but to bail out Elon + SpaceX personal holding of Soâ€¦"
"295","RT @SpaceX: Updated SES-10 launch and landing photos â†’ https://t.co/095WHWMtKp https://t.co/cCD2eaOVvP"
"296","SPACEX Moon Mission in Hindi à¤šà¤‚à¤¦à¥à¤°à¤®à¤¾ à¤•à¥‡ à¤šà¤¾à¤°à¥‹à¤‚ à¤“à¤° à¤•à¥€ à¤ªà¤¹à¤²à¥€ à¤¨à¤¿à¤œà¥€"
"297","I added a video to a @YouTube playlist https://t.co/PF8uRH95Yf SPACEX Moon Mission in Hindi à¤šà¤‚à¤¦à¥à¤°à¤®à¤¾ à¤•à¥‡"
"298","RT @SpaceKSCBlog: The @SpaceX Dragon #COTS2 chillin' in @ExploreSpaceKSC IMAX West. https://t.co/wEXte51m6p"
"299","RT @ElonMuskNewsOrg: SpaceVR, SpaceX to launch VR camera into space, bringing the astronaut experience to all https://t.co/enbGyXe7Ok"
"300","RT @SpaceX: Updated SES-10 launch and landing photos â†’ https://t.co/095WHWMtKp https://t.co/cCD2eaOVvP"
"301","The @SpaceX Dragon #COTS2 chillin' in @ExploreSpaceKSC IMAX West. https://t.co/wEXte51m6p"
"302","RT @Rainmaker1973: .@SpaceX #Falcon9 Stage 1 landing on ""Of Course I Still Love You"" drone ship after delivering #SES10 into orbit https://â€¦"
"303","i believe sam dyson wants to go to space, @SpaceX"
"304","I really gotta stop telling myself it can't be that bad before watching videos on the internet. 
They usually are that bad."
"305","SpaceVR, SpaceX to launch VR camera into space, bringing the astronaut experience to all https://t.co/4h76G0j7CQâ€¦ https://t.co/4jgrZlqIPK"
"306","RT @Step_Holt: ""#SpaceX F9 - #Launch and #landing profile for the launch this evening"" #space #cosmos #nasa #universe https://t.co/epdJFC89â€¦"
"307","@elonmusk Googled spacex to check for the next launch and Google has a sponsored link for the falcon9 explosion last year. #Sabotage"
"308","@apple @SpaceX@BMW bir adet mÃ¼hÃ¼rsÃ¼z odtÃ¼ bilgisayar mÃ¼hendisliÄŸi bir adet odtÃ¼ bilgisayar mÃ¼hendisliÄŸi diplomam var tekliflerinizi bekliyom"
"309","@Sangeet40820491 Did SpaceX land on Mars yet? We'll tell you when it happens. Subscribe to Elon Musk News https://t.co/uhzxzvIELZ"
"310","RT @BP_Hutch: @Gemstonian @GalileoMoon @TheChadColby @Astro_Clay @NASA @ShuttleAlmanac @SpaceX @universetoday @JuleahKaliski Here's a goodâ€¦"
"311","RT @Vikezmedia: SpaceVR, SpaceX to launch VR camera into space, bringing the astronaut experience to all https://t.co/zlVXQhkaIW #VirtualReâ€¦"
"312","The worldâ€™s most powerful operational #rocket is set to launch this summer. It could be a game changer! #Space
https://t.co/m2qCw7Peqj"
"313","SpaceX to hold second Hyperloop competition in August
https://t.co/S1hiMCJiq5
via @venturebeat https://t.co/Z9pGyyTLnq"
"314","RT @SpaceX: More photos from todayâ€™s Falcon 9 launch and first stage landing â†’ https://t.co/095WHX44BX https://t.co/c3UYhMrDec"
"315","RT @Clapway: #SpaceX to Grow Super #Potatoes on #Mars: 5 Things You Didnâ€™t Know - https://t.co/tbfxG5YF9l #Space https://t.co/PuUplVevyF"
"316","@ElonMuskNewsOrg GREAT NEWS! GO SPACEX GO!"
"317","RT @SpaceX: ~60 minutes until launch window for SES-10 opens. All systems and weather are go. Watch here â†’ https://t.co/gtC39uBC7z https://â€¦"
"318","The latest The SpaceX Daily! https://t.co/IpUHfGCZW0 Thanks to @GregWAutry #atlasv #oa7"
"319","@Forbes  @ElonMusk could buy it with #SpaceX. Fits into his strategy."
"320","@elonmusk @SpaceX @TeslaMotors Please pay heed to this advice. Pre-nup agreement. The worlds future depends on it. https://t.co/x7Vb8gMjXS"
"321","RT @Step_Holt: ""#SpaceX F9 - #Launch and #landing profile for the launch this evening"" #space #cosmos #nasa #universe https://t.co/epdJFC89â€¦"
"322","""#SpaceX F9 - #Launch and #landing profile for the launch this evening"" #space #cosmos #nasa #universe https://t.co/epdJFC89hM"
"323","RT @SpaceX: More photos from todayâ€™s Falcon 9 launch and first stage landing â†’ https://t.co/095WHX44BX https://t.co/c3UYhMrDec"
"324","@JessicaChobot @Bizarre_States SpaceX???"
"325","@SpaceX  Ñ‡Ğµ Ñ‚Ğ°Ğ¼ .????Ñ‹Ğ½Ñ‹Ğ¼"
"326","#startup Elon Musk Has Announced a New Goal for SpaceX, and Itâ€™s Utterly Revolutionary https://t.co/HzFPeULPCaâ€¦ https://t.co/6RCHMeumeH"
"327","@xabier_iglesias Me lo habÃ­a planteado! Yo invertirÃ­a en todo lo que Musk haga para hacer caja. Pero creo que Spaceâ€¦ https://t.co/DJneBU2Pyp"
"328","RT @DorkyMcDarkFace: Was born on the exact same day as Evan Spiegel.
Snapchat's valuation is more than SpaceX's.
I OTOH tweet about reusablâ€¦"
"329","@TimOster @SpaceX @elonmusk Notice the convenient blurred view as it went through the magic layers? Watch some SFX tutorials. Classic trick."
"330","@TimOster @SpaceX @elonmusk As I read all the comments of ""Amazing"" I am just sad. You people never played a physicâ€¦ https://t.co/ZHmOp1HsU3"
"331","Who Is SpaceX? https://t.co/6iuc0vsPGP #whoispacex #spacex https://t.co/RdC7PLerqo"
"332","SpaceX announces details for the second Hyperloop Pod Competition Weekend, taking ... via @launchticker https://t.co/zIPcLy2wKK"
"333","RT @MTWorlds: Carry your own #SpaceTourism in #InterstellarTransportCompany Just like #SpaceX plans to do! #indiegame #indiedev https://t.câ€¦"
"334","RT @MTWorlds: Carry your own #SpaceTourism in #InterstellarTransportCompany Just like #SpaceX plans to do! #indiegame #indiedev https://t.câ€¦"
"335","@elonmusk Elon Musk Spacex TodayToo want to give free 25 million usa dollar donations 
ToIGabriella InSimiCity-sameâ€¦ https://t.co/IpzqlfKLzR"
"336","RT @SpaceX: Updated SES-10 launch and landing photos â†’ https://t.co/095WHWMtKp https://t.co/cCD2eaOVvP"
"337","RT @BP_Hutch: @Gemstonian @GalileoMoon @TheChadColby @Astro_Clay @NASA @ShuttleAlmanac @SpaceX @universetoday @JuleahKaliski Here's a goodâ€¦"
"338","RT @SpaceX: Updated SES-10 launch and landing photos â†’ https://t.co/095WHWMtKp https://t.co/cCD2eaOVvP"
"339","RT @TheChadColby: Taken from an F-16 chase plane, thank you to so many who chased dreams!  @Astro_Clay #SpaceShuttle @NASA @ShuttleAlmanacâ€¦"
"340","RT @HigherOrbits: Talking about the future of space flight including commercial with @SpaceX @OrbitalATK @SierraNevCorp as well as @NASA_SLâ€¦"
"341","RT @SpaceX: T-60 seconds until launch  â†’ https://t.co/gtC39uBC7z https://t.co/jv3372rCUf"
"342","RT @HigherOrbits: Talking about the future of space flight including commercial with @SpaceX @OrbitalATK @SierraNevCorp as well as @NASA_SLâ€¦"
"343","RT @bitinn: SpaceXæœ‰ä¸¤è‰˜ç”¨äºè¿æ¥é™è½ç«ç®­çš„æµ·ä¸Šç§»åŠ¨è¿è¾“èˆ¹ã€‚åå­—åˆ†åˆ«æ˜¯ï¼š
- Just Read the Instructions
- Of Course I Still Love You https://t.co/GQsxHPIns8"
"344","with SpaceX"
"345","@xImmunity I'll meet you at the SpaceX launch?"
"346","Spacex schedules hyperloop ii contest in august, and uwâ€™s team is in the race https://t.co/XeQGyipZew"
"347","RT @ElonMuskNewsOrg: SpaceVR, SpaceX to launch VR camera into space, bringing the astronaut experience to all https://t.co/enbGyXe7Ok"
"348","RT @ElonMuskNewsOrg: SpaceX prepping for two launches from KSC, landing at Cape https://t.co/CgpiPWSccq"
"349","@KevoDatWayGhost Have you seen our cool Tesla &amp; SpaceX Themed Apparel? https://t.co/pUOWG44uAR"
"350","@BeatrizAndrino Get our curated publication on Elon Musk, SpaceX, Tesla, Hyperloop, SolarCity, and OpenAI https://t.co/uhzxzvIELZ"
"351","Ed Sheeran - What Do I Know? [Official Audio]  #spacex https://t.co/uhRmI4NUPV"
"352","RT @ElonMuskNewsOrg: Get our curated publication on Elon Musk, SpaceX, Tesla, Hyperloop, SolarCity, and OpenAI -&gt; https://t.co/uhzxzvIELZ hâ€¦"
"353","SpaceX Awaits FAA Falcon 9 Launch License for 1st Pad 39A Blastoff on NASA ISS Cargo Flight - Universe Today https://t.co/MnVyK0nZAY"
"354","RT @ElonMuskNewsOrg: SpaceVR, SpaceX to launch VR camera into space, bringing the astronaut experience to all https://t.co/enbGyXe7Ok"
"355","RT @AmplifiedRobot: SpaceVR and SpaceX are sending a VR camera to space, to bring the â€˜realâ€™ experience to everyone #VirtualReality #VR
httâ€¦"
"356","Claro que a Turquia acabou de voluntariamente dar mais poderes a um ditadorâ€¦ Quando Ã© que o @SpaceX fica pronto para poder fugir para marte?"
"357","SpaceX Falcon XX Rocket https://t.co/8Yqkg8RiBN via @YouTube"
"358","did the guy on the SpaceX stream just compared Mars to a desert filled with like 30% battery on my phone fml"
"359","That Whole #SpaceX Vs ULA Thing https://t.co/kJYx9wX3Ow #space"
"360","SpaceX makes history with launch and landing of reused rocket https://t.co/NJgj76Tb8F vÃ­a @the_dwc â™¥"
"361","How (and Why) SpaceX Will Colonize Mars - Page 4 of 5 - Wait But Why | Page 4 https://t.co/wQArWNUR4z via @waitbutwhy"
"362","$900 stilettos invented by ex SpaceX exec â€” ""most comfortable high heels I've ever worn"" í ½í± í ½í± í ½í±  #shoes https://t.co/gBlJt3GruM"
"363","RT @denbizjournal: .@ulalaunch will hit a turning point this summer, having shrunk to the size it needs to compete w/ SpaceX. (Premium) httâ€¦"
"364","This looks pretty rad @SpaceX x @HyperloopOne competition 

https://t.co/MOaPbGp3yG"
"365","RT @Subsplott: Just cuz. í ½í¸€ @SpaceX @AnonUKRadio @grampytm @V3rbalRand0ms https://t.co/scApMy9oxi"
"366","Legendary flight director praises SpaceX for â€œtaking risksâ€ https://t.co/L21V5ekoC8"
"367","Just cuz. í ½í¸€ @SpaceX @AnonUKRadio @grampytm @V3rbalRand0ms https://t.co/scApMy9oxi"
"368","RT @ElonMuskNewsOrg: Get our curated publication on Elon Musk, SpaceX, Tesla, Hyperloop, SolarCity, and OpenAI -&gt; https://t.co/uhzxzvIELZ hâ€¦"
"369","@NathanpnRBLX SpaceX!!"
"370","Tous astronautes avec la futur camera spatiale en #RealiteVirtuelle de @SpaceVR + @SpaceX #VR ?
https://t.co/d3RHpG1ua9"
"371","RT @TeamHyperlynx: Donuts and design #hyperloop #spacex #cudenver https://t.co/d9F3aVOSLL"
"372","Aussie engineers unveil their entry in the SpaceX Hyperloop Pod Competition https://t.co/8ujdi5sq0e #tech"
"373","RT @TomHall: Up Close &amp; Personal

with @Boeingâ€™s New

""Skinny"" Spacesuit.

Built for #Space #Tourism!

í ½íº€

#Travel #SpaceX #Travel
https://tâ€¦"
"374","@ZacharyLevi your impression of @elonmusk (I'd love to see him @ #NerdHQ), SpaceX."
"375","RT @TheChadColby: Taken from an F-16 chase plane, thank you to so many who chased dreams!  @Astro_Clay #SpaceShuttle @NASA @ShuttleAlmanacâ€¦"
"376","For the first time ever, NASA has been relying on private companies like Elon Musk's SpaceX  https://t.co/kMR7tCLEzg https://t.co/SYi2vDF2p0"
"377","RT @selena_scola: SpaceVR, SpaceX to launch VR camera into space, bringing the astronaut experience to all https://t.co/qGqhVVwiwd via @masâ€¦"
"378","RT @AmplifiedRobot: SpaceVR and SpaceX are sending a VR camera to space, to bring the â€˜realâ€™ experience to everyone #VirtualReality #VR
httâ€¦"
"379",".@SpaceVR &amp; @SpaceX to launch VR camera into space, bringing the astronaut experience to all https://t.co/oJJ9FjLTM9"
"380","RT @SalihSarikaya: SpaceX is taking SpaceVRâ€™s cameras into orbit to deliver the astronaut experience to everyone through VR https://t.co/6yâ€¦"
"381","RT @AmplifiedRobot: SpaceVR and SpaceX are sending a VR camera to space, to bring the â€˜realâ€™ experience to everyone #VirtualReality #VR
httâ€¦"
"382","Science night at cosmic brewery #spacex @ Cosmic Brewery https://t.co/bO3uGFMzDI"
"383","Elon Musk's SpaceX Makes Space History With Recycled Rocket https://t.co/2M0vXujCJx"
"384","RT @AmplifiedRobot: SpaceVR and SpaceX are sending a VR camera to space, to bring the â€˜realâ€™ experience to everyone #VirtualReality #VR
httâ€¦"
"385",".@ulalaunch will hit a turning point this summer, having shrunk to the size it needs to compete w/ SpaceX. (Premium) https://t.co/iJm1AfsBR8"
"386","RT @TheChadColby: Taken from an F-16 chase plane, thank you to so many who chased dreams!  @Astro_Clay #SpaceShuttle @NASA @ShuttleAlmanacâ€¦"
"387","RT @Orillacosmica: Sobre las dudas de que SpaceX llegue a Marte https://t.co/OKizDfpSB0"
"388","RT @Orillacosmica: Sobre las dudas de que SpaceX llegue a Marte https://t.co/OKizDfpSB0"
"389","#SpaceX will send unmanned Dragon capsule to Mars in May 2018 #startups #funding #vc #space https://t.co/W8hCg2JBjy https://t.co/3eEQBJPOyN"
"390","https://t.co/QlsPBeDnse"
"391","RT @TomHall: Up Close &amp; Personal

with @Boeingâ€™s New

""Skinny"" Spacesuit.

Built for #Space #Tourism!

í ½íº€

#Travel #SpaceX #Travel
https://tâ€¦"
"392","@NasaMuzik 
@NASA 
@AncientAliens 
@SpaceX 
@SpaceXJobs  
@unsealed_files 
@CIA 
@FBI 
@GMA 
@realDonaldTrump 
@POTUS 
@NFL 
@NBA 
@XXL"
"393","@SpaceX could u use a railgun to shoot very small matter into space (matter stream) and assemble it in space?"
"394","RT @TheChadColby: Taken from an F-16 chase plane, thank you to so many who chased dreams!  @Astro_Clay #SpaceShuttle @NASA @ShuttleAlmanacâ€¦"
"395","RT @glxp: An awesome goal from #SpaceX: https://t.co/7ujtb94riZ @SPACEdotcom @MichaelDWall"
"396","RT @TeamHyperlynx: Donuts and design #hyperloop #spacex #cudenver https://t.co/d9F3aVOSLL"
"397","@TifanyEllerd Get our curated publication about Elon Musk, SpaceX, Tesla, Hyperloop, SolarCity, &amp; OpenAI https://t.co/uhzxzvIELZ"
"398","@InsideEVs EDITORS NOTE/
Woah!
@DragTimes, Has @ElonMusk Proposed 'Mother Of All Drags'? 
@TeslaMotors #TeslaModelSâ€¦ https://t.co/2K0IOhYnHx"
"399","Elon Musk: A Million Humans Could Live on Mars By the 2060s - National Geographic https://t.co/JXUgjHRO4q"
"400","@TimOster @SpaceX @elonmusk More Bullshit graphics from the spaceapes??"
"401","SpaceX Reusable Launch System https://t.co/CLpZiyLiUi via @YouTube"
"402","RT @TomHall: Up Close &amp; Personal

with @Boeingâ€™s New

""Skinny"" Spacesuit.

Built for #Space #Tourism!

í ½íº€

#Travel #SpaceX #Travel
https://tâ€¦"
"403","RT @acambitsis: https://t.co/zMYIoSuprE"
"404","RT @SpaceX: Back live for final burn and satellite deployment â†’ https://t.co/gtC39uBC7z"
"405","SpaceX ÑƒÑĞ¿ĞµÑˆĞ½Ğ¾ Ğ²Ñ‹Ğ²ĞµĞ»Ğ° ÑĞ¿ÑƒÑ‚Ğ½Ğ¸Ğº ÑĞ²ÑĞ·Ğ¸ Ğ½Ğ° Ğ¾Ñ€Ğ±Ğ¸Ñ‚Ñƒ"
"406","SpaceVR, SpaceX to launch VR camera into space in August https://t.co/TL0b1NlxUl https://t.co/F0AHsLByfl"
"407","RT @TomHall: Up Close &amp; Personal

with @Boeingâ€™s New

""Skinny"" Spacesuit.

Built for #Space #Tourism!

í ½íº€

#Travel #SpaceX #Travel
https://tâ€¦"
"408","RT @BP_Hutch: @Gemstonian @GalileoMoon @TheChadColby @Astro_Clay @NASA @ShuttleAlmanac @SpaceX @universetoday @JuleahKaliski Here's a goodâ€¦"
"409","Up Close &amp; Personal

with @Boeingâ€™s New

""Skinny"" Spacesuit.

Built for #Space #Tourism!

í ½íº€

#Travel #SpaceX #Travel
https://t.co/5UDVCUNdpW"
"410","RT @forthelaunch: Falcon Heavy by @SpaceX planned to launch next year. https://t.co/AmNpmtysIY"
"411","Have you seen all there is to see on Earth? Why not travel to the moon? #SpaceX is taking tourists there in 2018.â€¦ https://t.co/K2CkVLdSlK"
"412","Elon Musk: A Million Humans Could Live on Mars By the 2060s - National Geographic https://t.co/6jx7pZp9lT"
"413","Elon Musk: A Million Humans Could Live on Mars By the 2060s - National Geographic https://t.co/tD1QfZvkaT"
"414","Just found a mark up on the floor. í ½í¸•í ½í°•.
https://t.co/GveC0axhVv #lifting  #SpaceX https://t.co/lCDQgDd60R"
"415","RT @CineDern: SpaceVR, SpaceX to launch VR camera into space, bringing the astronaut experience to all https://t.co/H9haMVqtx4 via @mashable"
"416","So after I've sold the first company, shorted it, and then sold the second one, I'll be able to start my own SpaceX clone"
"417","@elonmusk - do your Mars plans involve terraforming? Forget About Terraforming Mars. Here's Why. - Seeker #SpaceX https://t.co/0Cm1U8j4XE"
"418","SpaceX to hold second Hyperloop competition in August
https://t.co/3qWMVO2Nq8 https://t.co/kMCi0d4KhP"
"419","RT @NiskanenCenter: #SpaceX has demonstrated reusable rockets. Can they land enough customers? https://t.co/FujR2tJBVp https://t.co/aKXHq04â€¦"
"420","RT @mashabletech: This VR camera rig is about to catch a ride into space. https://t.co/OvkXIDaVIX"
"421","RT @ValaAfshar: My proceeds from PayPal were $180m. I put $100m in #SpaceX, $70m in Tesla and $10m in Solar City. I had to borrow money forâ€¦"
"422","https://t.co/zMYIoSuprE"
"423","This specialized zip line can rescue astronauts from boeingâ€™s spacecraft during an emergencyâ€¦ https://t.co/AES0fG7O0a"
"424","Legendary flight director praises SpaceX for â€œtaking risksâ€
https://t.co/ac9rhMordp https://t.co/Vt9lG6FosK"
"425","What do #SpaceX and #NorthKorea have in common? They both know how to spend loads of money on fucking up launches #nkorea"
"426","Could NASA Beat SpaceX in the Next Space Race? | Fox Business.. Related Articles: https://t.co/lusrPq9VUe"
"427","SpaceXâ€™s Mars Colonial Transporter can go â€œwell beyondâ€ Mars https://t.co/tqSPVfHdRO"
"428","RT @ElonMuskNewsOrg: SpaceVR, SpaceX to launch VR camera into space, bringing the astronaut experience to all https://t.co/enbGyXe7Ok"
"429","apparently my cousin got a job offer from spacex. why can't i be that smart?"
"430","SpaceX prepping for two launches from KSC, landing at Cape - https://t.co/8bQMZHdAvZ"
"431","RT @WarVet_MarsOne: SpaceX: Wants you to go to Mars for $200,000 
https://t.co/yVXtaiPlPP
#spacex #mars #nasa #esa #marsone #science #ellonâ€¦"
"432","SpaceX Accomplishes American â€˜Science Triumphâ€™ with â€˜Mind Blowingâ€™ Historic 2nd Launch and Landing of Usâ€¦ https://t.co/BfeAnc3Cbu"
"433","RT @Vikezmedia: SpaceVR, SpaceX to launch VR camera into space, bringing the astronaut experience to all https://t.co/zlVXQhkaIW #VirtualReâ€¦"
"434","SpaceX's Of Course I Still Live You droneship. https://t.co/lM7qCxgUWi"
"435","RT @StartUscc: â€œIf things are not failing, you are not innovating enough.â€ #ElonMusk, CEO of #SpaceX and #Tesla Motors https://t.co/DHKSqGdâ€¦"
"436","SpaceX Dragon V2 | Flight Animation https://t.co/xEsmkWRgfe via @YouTube"
"437","RT @PelicanProducts: Here's Why the @SpaceX Launch Means We've Entered a New Era of #Space flight. https://t.co/NbImTIY8qI #Science #Spaceâ€¦"
"438","Here's Why the @SpaceX Launch Means We've Entered a New Era of #Space flight. https://t.co/NbImTIY8qI #Science #Space #Nasa #SpaceX"
"439","@SpaceX is far better funded, qualified, and willing to execute than @NASA. https://t.co/hflyLdulBT"
"440","RT @WarVet_MarsOne: NASA says it will cost 450 billion to get to Mars. 
https://t.co/BVekgiXtvA
#nasa #esa #mars #marsone #spacex #scienceâ€¦"
"441","#SpaceVR, @SpaceX  to launch #VR camera into space, bringing the astronaut experience to all https://t.co/GivupdYv8o via @mashable"
"442","SpaceX Falcon 9 Comes Roaring Back to Life with Dramatically Successful Iridium Fleet Launch and Ocean Ship Landâ€¦ https://t.co/LFKUoqoIKo"
"443","I guess I hadn't driven by it in awhile but just noticed that @SpaceX mounted #Falcon9 outside their headquarters https://t.co/GQCHxRHgzu"
"444","SpaceVR, SpaceX to launch VR camera into space, bringing the astronaut experience to all. https://t.co/ZO6YMvu3F6"
"445","@SpaceX working with @NASA to identify landing spots on #Mars https://t.co/IrZYRdTiEq @etherington @techcrunchâ€¦ https://t.co/wZKlrTZe00"
"446","RT @FabriceBalique: #science
le monde avance la #France dort
rÃ©veillez vous !
SpaceX Falcon XX Rocket https://t.co/8rslZ65RmH via @YouTube"
"447","@JeebanjyotiR Did SpaceX land on Mars yet? We'll tell you when it happens. Subscribe to Elon Musk News https://t.co/uhzxzvIELZ"
"448","RT @astronomymedia: SpaceX has announced that it will fly two paying citizens around the Moon in late-2018 in a Dragon spacecraft.

https:/â€¦"
"449","@Umer66722723 Have you seen our cool Tesla &amp; SpaceX Themed Apparel? https://t.co/pUOWG44uAR"
"450","RT @glxp: An awesome goal from #SpaceX: https://t.co/7ujtb94riZ @SPACEdotcom @MichaelDWall"
"451","RT @timsandle: New data shows Mars had an atmosphere like a Earth's but most was lost to a solar wind #mars #MARS #solar #planets #space #Sâ€¦"
"452","@SimonNkuna13 Get our curated publication on Elon Musk, SpaceX, Tesla, Hyperloop, SolarCity, and OpenAI https://t.co/uhzxzvIELZ"
"453","SpaceVR, SpaceX to launch VR camera into space, bringing the astronaut experience to all https://t.co/KAHZOYEiAd"
"454","@passifdu95 Get our curated publication about Elon Musk, SpaceX, Tesla, Hyperloop, SolarCity, &amp; OpenAI https://t.co/uhzxzvIELZ"
"455","#VR cameras and outer space https://t.co/B4FWZ1k1AW"
"456","#Avio: Î‘Ï…Ï„Î® ÎµÎ¯Î½Î±Î¹ Î· Î™Ï„Î±Î»Î¹ÎºÎ® Â«Î±Ï€Î¬Î½Ï„Î·ÏƒÎ·Â» ÏƒÏ„Î·Î½ #SpaceX -&gt; https://t.co/nDHdh0nJgJ https://t.co/4L9cvmmPw7"
"457","RT @ArsTechnicaUK: Legendary flight director praises #SpaceX for â€œtaking risksâ€ https://t.co/5gPb4jRnMx by @SciGuySpace #NASA https://t.co/â€¦"
"458","RT @SalihSarikaya: SpaceX is taking SpaceVRâ€™s cameras into orbit to deliver the astronaut experience to everyone through VR https://t.co/6yâ€¦"
"459","SpaceVR, SpaceX to launch VR camera into space, bringing the astronaut experience to all https://t.co/qGqhVVwiwd via @mashable"
"460","Donuts and design #hyperloop #spacex #cudenver https://t.co/d9F3aVOSLL"
"461","SpaceX announces date for second Hyperloop pod competition
https://t.co/egjI1etnTj https://t.co/T7OGSlBgQp"
"462","RT @SpaceX: More photos from todayâ€™s Falcon 9 launch and first stage landing â†’ https://t.co/095WHX44BX https://t.co/c3UYhMrDec"
"463","@lpolovets @semil SpaceX - just a gif. https://t.co/8YgaoLhDmk"
"464","SpaceX prepping for two launches from KSC, landing at Cape https://t.co/ElqXfn9sZu"
"465","SpaceX announces date for second Hyperloop pod competition https://t.co/VarQ4q7Fxe https://t.co/dloiBh8WhM"
"466","RT @SpaceX: Back live for final burn and satellite deployment â†’ https://t.co/gtC39uBC7z"
"467","RT @Vikezmedia: SpaceVR, SpaceX to launch VR camera into space, bringing the astronaut experience to all https://t.co/zlVXQhkaIW #VirtualReâ€¦"
"468","RT @DowdEdward: Maybe the ""Norks"" could outsource their rockets to Elon's #SpaceX? https://t.co/5DFZMJ7fta"
"469","SpaceX Dragon V2 | Unveil Event https://t.co/HMnH1xo4ll via @YouTube"
"470","NASA says it will cost 450 billion to get to Mars. 
https://t.co/BVekgiXtvA
#nasa #esa #mars #marsone #spacex #science #warvetmarsone"
"471","RT @SalihSarikaya: SpaceX is taking SpaceVRâ€™s cameras into orbit to deliver the astronaut experience to everyone through VR https://t.co/6yâ€¦"
"472","Maybe the ""Norks"" could outsource their rockets to Elon's #SpaceX? https://t.co/5DFZMJ7fta"
"473","RT @ajitjohnson_n: SpaceX í ½íº€edited three video feeds together to make an incredible supercut of the booster landing, and it's best to watchâ€¦"
"474","RT @DowdEdward: Elon Musk is going to take 2 people to the moon by 2018.Requires an Apollo size rocket...he has never built or tested one tâ€¦"
"475","RT @flwaustralia: SpaceX Launches First Reusable Orbital Rocket @DefenseTech  @DefenceScience  @WIRED @AustralianArmy  https://t.co/LIEdjzlâ€¦"
"476","RT @flwaustralia: SpaceX Launches First Reusable Orbital Rocket @DefenseTech  @DefenceScience  @WIRED @AustralianArmy  https://t.co/LIEdjzlâ€¦"
"477","RT @Hyperloop: Date set âœ“
Teams invited âœ“
Track tested âœ“
All systems go for @SpaceX's Hyperloop Competition II â†’ https://t.co/CoIedEujWn htâ€¦"
"478","SpaceX is taking SpaceVRâ€™s cameras into orbit to deliver the astronaut experience to everyone through VRâ€¦ https://t.co/QZ4RN8mT1a"
"479","https://t.co/wXy0tnKEBQ #Spacex"
"480","SpaceX is taking SpaceVRâ€™s cameras into orbit to deliver the astronaut experience to everyone through VR https://t.co/6yOpZJgkNp"
"481","SpaceX Just Re-Used a Rocket. Why This Changes Everything https://t.co/26cJzpmvi8 https://t.co/gmU7mT4W0s"
"482","SpaceX is taking SpaceVR's cameras into orbit to deliver the astronaut experience to everyone https://t.co/2jwmdimhre @DigitalReview_"
"483","SpaceX is taking SpaceVR's cameras into orbit to deliver the astronaut experience to everyone https://t.co/iyXrdWXIXm @DigitalReview_"
"484","RT @flwaustralia: SpaceX Launches First Reusable Orbital Rocket @DefenseTech  @DefenceScience  @WIRED @AustralianArmy  https://t.co/LIEdjzlâ€¦"
"485","SpaceVR SpaceX to launch VR camera into space bringing the astronaut experience to all

Perfect 4 #TalkingOnTheMoon  https://t.co/NMWtZnuntg"
"486","RT @ElonMuskNewsOrg: SpaceVR, SpaceX to launch VR camera into space, bringing the astronaut experience to all https://t.co/enbGyXe7Ok"
"487","SpaceVR, SpaceX to launch VR camera into space, bringing the astronaut experience to all https://t.co/xSn0SyMrJ0"
"488","SpaceX Announces Second Hyperloop Competition @xiQai https://t.co/TCRXTIh7ho"
"489","RT @check123com: SpaceX is going to take you to Mars!!
Video: https://t.co/6TAb7BYmFZ
#Space #spacex https://t.co/sPUPMuG1cy"
"490","Elon Musk has job openings for 473 people at SpaceX â€” here&amp;#039;s who it&amp;#039;s hiring - #startup https://t.co/6lfib58ygv"
"491","SpaceX Launches First Reusable Orbital Rocket @DefenseTech  @DefenceScience  @WIRED @AustralianArmy  https://t.co/LIEdjzlQ21"
"492","@Moon_Explorers @SpaceX @MarsOneProject Agreed it was really poorly researched @BBCFOUR , no mention of ITS either"
"493","RT @SPACEdotcom: Miss the #SpaceX launch/landing? Don't fret. We've got all the video evidence: https://t.co/WLskCwCJyC https://t.co/2YuCqTâ€¦"
"494","Tesla and SpaceX CEO Elon Musk: Master Of Time Management, Workaholic https://t.co/eCUOV6Kyp8 https://t.co/50MbblBISP"
"495","RT @Vikezmedia: SpaceVR, SpaceX to launch VR camera into space, bringing the astronaut experience to all https://t.co/zlVXQhkaIW #VirtualReâ€¦"
"496","Elon Musk is going to take 2 people to the moon by 2018.Requires an Apollo size rocket...he has never built or testâ€¦ https://t.co/TBpxB6CVnB"
"497","Elon Musk heralds â€˜huge revolution in space travelâ€™ after historic SpaceXÂ mission https://t.co/rKGnrPx8WY"
"498","@Kevin_Fong your Mars doc was a bit disingenuous towards SpaceX, no mention of ITS or the re-entry successes"
"499","Music industry better off now becuz ppl pay $10/mo for streaming amd increasingly dependent (no personal collection

https://t.co/eToy2VkS0q"
"500","I have arrived... @InterplanetTSys @MerlinTheEngine @SpaceX"
